<?xml version="1.0" encoding="UTF-8"?>
<project-private xmlns="http://www.netbeans.org/ns/project-private/1">
    <editor-bookmarks xmlns="http://www.netbeans.org/ns/editor-bookmarks/2" lastBookmarkId="0"/>
    <open-files xmlns="http://www.netbeans.org/ns/projectui-open-files/2">
        <group>
            <file>file:/D:/Auca/Studies/SEM%205/Java/exo/LibSystemHibernate/src/frames/OperationsPage.java</file>
            <file>file:/D:/Auca/Studies/SEM%205/Java/exo/LibSystemHibernate/src/frames/MainPage.java</file>
            <file>file:/D:/Auca/Studies/SEM%205/Java/exo/LibSystemHibernate/src/auth/LoginForm.java</file>
            <file>file:/D:/Auca/Studies/SEM%205/Java/exo/LibSystemHibernate/src/frames/ClientsPage.java</file>
            <file>file:/D:/Auca/Studies/SEM%205/Java/exo/LibSystemHibernate/src/frames/BooksPage.java</file>
        </group>
    </open-files>
</project-private>
