<?xml version="1.0" encoding="UTF-8"?>
<project-private xmlns="http://www.netbeans.org/ns/project-private/1">
    <editor-bookmarks xmlns="http://www.netbeans.org/ns/editor-bookmarks/2" lastBookmarkId="0"/>
    <open-files xmlns="http://www.netbeans.org/ns/projectui-open-files/2">
        <group>
            <file>file:/D:/class/Java/NetBeans%20Projects/Library_Client/src/model/ClientCategory.java</file>
            <file>file:/D:/class/Java/NetBeans%20Projects/Library_Client/src/service/BookServiceInterface.java</file>
            <file>file:/D:/class/Java/NetBeans%20Projects/Library_Client/src/service/CategoryServiceInterface.java</file>
            <file>file:/D:/class/Java/NetBeans%20Projects/Library_Client/src/model/User.java</file>
            <file>file:/D:/class/Java/NetBeans%20Projects/Library_Client/src/model/TransactionType.java</file>
            <file>file:/D:/class/Java/NetBeans%20Projects/Library_Client/src/service/TransactionServiceInterface.java</file>
            <file>file:/D:/class/Java/NetBeans%20Projects/Library_Client/src/model/Book.java</file>
            <file>file:/D:/class/Java/NetBeans%20Projects/Library_Client/src/model/Client.java</file>
            <file>file:/D:/class/Java/NetBeans%20Projects/Library_Client/src/view/LoginUI.java</file>
            <file>file:/D:/class/Java/NetBeans%20Projects/Library_Client/src/model/BookTransaction.java</file>
            <file>file:/D:/class/Java/NetBeans%20Projects/Library_Client/src/view/NewAccountUI.java</file>
            <file>file:/D:/class/Java/NetBeans%20Projects/Library_Client/src/view/BookForm.java</file>
            <file>file:/D:/class/Java/NetBeans%20Projects/Library_Client/src/model/BookCategory.java</file>
            <file>file:/D:/class/Java/NetBeans%20Projects/Library_Client/src/service/UserServiceInterface.java</file>
            <file>file:/D:/class/Java/NetBeans%20Projects/Library_Client/src/view/LibrarySystem.java</file>
            <file>file:/D:/class/Java/NetBeans%20Projects/Library_Client/src/view/ClientForm.java</file>
            <file>file:/D:/class/Java/NetBeans%20Projects/Library_Client/src/service/ClientServiceInterface.java</file>
            <file>file:/D:/class/Java/NetBeans%20Projects/Library_Client/src/view/Transaction.java</file>
        </group>
    </open-files>
</project-private>
