<?xml version="1.0" encoding="UTF-8"?>
<project-private xmlns="http://www.netbeans.org/ns/project-private/1">
    <editor-bookmarks xmlns="http://www.netbeans.org/ns/editor-bookmarks/2" lastBookmarkId="0"/>
    <open-files xmlns="http://www.netbeans.org/ns/projectui-open-files/2">
        <group>
            <file>file:/D:/class/Java/NetBeans%20Projects/Library_Server/src/model/TransactionType.java</file>
            <file>file:/D:/class/Java/NetBeans%20Projects/Library_Server/src/server/RunServer.java</file>
            <file>file:/D:/class/Java/NetBeans%20Projects/Library_Server/src/service/UserService.java</file>
            <file>file:/D:/class/Java/NetBeans%20Projects/Library_Server/src/model/BookCategory.java</file>
            <file>file:/D:/class/Java/NetBeans%20Projects/Library_Server/src/service/CategoryService.java</file>
            <file>file:/D:/class/Java/NetBeans%20Projects/Library_Server/src/model/Client.java</file>
            <file>file:/D:/class/Java/NetBeans%20Projects/Library_Server/src/model/ClientCategory.java</file>
            <file>file:/D:/class/Java/NetBeans%20Projects/Library_Server/src/model/User.java</file>
            <file>file:/D:/class/Java/NetBeans%20Projects/Library_Server/src/service/CategoryServiceInterface.java</file>
            <file>file:/D:/class/Java/NetBeans%20Projects/Library_Server/src/service/TransactionServiceInterface.java</file>
            <file>file:/D:/class/Java/NetBeans%20Projects/Library_Server/src/service/ClientService.java</file>
            <file>file:/D:/class/Java/NetBeans%20Projects/Library_Server/src/DAO/BookDAO.java</file>
            <file>file:/D:/class/Java/NetBeans%20Projects/Library_Server/src/service/UserServiceInterface.java</file>
            <file>file:/D:/class/Java/NetBeans%20Projects/Library_Server/src/service/ClientServiceInterface.java</file>
            <file>file:/D:/class/Java/NetBeans%20Projects/Library_Server/src/DAO/UserDAO.java</file>
            <file>file:/D:/class/Java/NetBeans%20Projects/Library_Server/src/model/BookTransaction.java</file>
            <file>file:/D:/class/Java/NetBeans%20Projects/Library_Server/src/service/BookService.java</file>
            <file>file:/D:/class/Java/NetBeans%20Projects/Library_Server/src/DAO/ClientDAO.java</file>
            <file>file:/D:/class/Java/NetBeans%20Projects/Library_Server/src/DAO/CategoryDAO.java</file>
            <file>file:/D:/class/Java/NetBeans%20Projects/Library_Server/src/hibernate.cfg.xml</file>
            <file>file:/D:/class/Java/NetBeans%20Projects/Library_Server/src/model/Book.java</file>
            <file>file:/D:/class/Java/NetBeans%20Projects/Library_Server/src/DAO/TransactionDAO.java</file>
            <file>file:/D:/class/Java/NetBeans%20Projects/Library_Server/src/service/TransactionService.java</file>
            <file>file:/D:/class/Java/NetBeans%20Projects/Library_Server/src/service/BookServiceInterface.java</file>
        </group>
    </open-files>
</project-private>
